{
    "loginMessage": "joined.",
    "logoutMessage": "left.",
    "joinMessage": "joined the guild!",
    "leaveMessage": "left the guild!",
    "kickMessage": "was kicked from the guild!",
    "promotionMessage": "was promoted to",
    "demotionMessage": "was demoted to",
    "blockedMessageFirst": "Message ",
    "blockedMessageSecond": " blocked by Hypixel.",
    "repeatMessage": "You cannot say the same message twice!",
    "noPermissionMessage": "I don't have permission to do that!",
    "onlineInvite": "was invited to the guild!",
    "offlineInvite": "was offline invited to the guild!",
    "guildMuteMessage": "Guild Chat has been muted for",
    "guildUnmuteMessage": "Guild Chat has been unmuted!",
    "userMuteMessage": "has been muted for",
    "userUnmuteMessage": "has been unmuted!",
    "setrankFailMessage": "Rank not found.",
    "alreadyMutedMessage": "This user is already muted!",
    "notInGuildMessage": "is not in the guild.",
    "lowestRankMessage": "is already the lowest guild rank!",
    "alreadyHasRankMessage": "They already have that rank!",
    "playerNotFoundMessageFirst": "Player ",
    "playerNotFoundMessageSecond": " not found.",
    "blacklistMessage": " has been successfully blacklisted.",
    "blacklistRemoveMessage": " has been successfully removed from the blacklist.",
    "alreadyBlacklistedMessage": "Player is already blacklisted.",
    "cannotMuteMoreThanOneMonthMessage": "You cannot mute someone for more than one month"
  }